<?xml version="1.0" encoding="UTF-8"?>

<!DOCTYPE configuration PUBLIC "-//mybatis.org//DTD Config 3.0//EN" "http://mybatis.org/dtd/mybatis-3-mapper.dtd">
<mapper namespace='main.java.dao.StudentMapper'>
<select id='getStudentById' parameterType='int' resultType='main.java.model.Student'>
SELECT
 id as id,
 name as name,
 age as age,
address as address,
phone as phone,
dob as dob
FROM Student
WHERE id=#{studId}

</select>
<resultMap type='Student' id='StudentResult'>
<id property='id' column='stud_id'/>
<result property='name' column='name'/>
<result property='age' column='age'/>
<result property='address' column='address'/>
<result property='phone' column='phone'/>
<result property='dob' column='dob'/>
</resultMap>

<select id='getAllStudents' resultMap='StudentResult'>
SELECT * FROM Student
</select>
<insert id='insertStudent' parameterType='Student' useGeneratedKeys='true' keyProperty='Student'>
INSERT INTO Student(name,age,phone,dob)
VALUES(#{name},#{age},#{address},#{phone},#{dob})
</insert>

<update id='updateStudent' parameterType='Student'>
UPDATE Student
SET
address =#{address}
age = #{age},
phone = #{phone}
WHERE Student_ID = #{StudentId}
</update>

<delete id='deleteStudent' parameterType='int'>
DELETE FROM Student WHERE ID=#{StudentId}
</delete>
</mapper>
